[
    {
        "title": "PageSpeed",
        "image": "https://encrypted-tbn0.gstatic.com/images?q=tbn:ANd9GcTHdNwfe0F13uf5UucakMTVqds0DF1swQNasAXpu_Cliw&s",
        "link": "https://pagespeed.web.dev/"
    },
    {
        "title": "VSCode",
        "image": "https://yt3.googleusercontent.com/_q52i8bUAEvcb7JR4e-eNTv23y2A_wg5sCz0NC0GrGtcw1CRMWJSOPVHUDh_bngD0q4gMvVeoA=s900-c-k-c0x00ffffff-no-rj",
        "link": "https://vscode.dev/"
    },
    {
        "title": "translate",
        "image": "https://liara-s3.dastyar.io/39802fc0-8d30-46ca-9e50-59910a0a77a2.png",
        "link": "https://translate.google.com/?sl=en&tl=fa&op=translate"
    },
    {
        "title": "Gpt3",
        "image": "https://liara-s3.dastyar.io/9f0818b4-0613-4090-982e-5e2aea337bc6.png",
        "link": "https://chat.openai.com/"
    },
    {
        "title": "GPT4",
        "image": "https://digino.org/wp-content/uploads/2023/12/perplexity-ai-logo.png",
        "link": "https://www.perplexity.ai/"
    }
]
